insert into department values('mtb','description_0');
insert into department values('csb','description_1');
insert into department values('chb','description_2');
insert into department values('eeb','description_3');
insert into department values('meb','description_4');
insert into department values('ceb','description_5');
insert into department values('phb','description_6');
insert into department values('hsb','description_7');
insert into department values('mab','description_8');
insert into department values('ecb','description_9');
insert into department values('btb','description_10');
insert into department values('stb','description_11');
insert into department values('idb','description_13');
insert into department values('arb','description_14');
insert into department values('cyb','description_15');

insert into courses values('btb001','name_0','desc',5,'btb');
insert into courses values('mtb002','name_1','desc',5,'mtb');
insert into courses values('csb003','name_2','desc',3,'csb');
insert into courses values('mtb004','name_3','desc',4,'mtb');
insert into courses values('cyb005','name_4','desc',3,'cyb');
insert into courses values('mab006','name_5','desc',4,'mab');
insert into courses values('chb007','name_6','desc',28,'chb');
insert into courses values('chb008','name_7','desc',5,'chb');
insert into courses values('btb009','name_8','desc',4,'btb');
insert into courses values('hsb010','name_9','desc',3,'hsb');
insert into courses values('csb011','name_10','desc',3,'csb');
insert into courses values('chb012','name_11','desc',4,'chb');
insert into courses values('arb013','name_12','desc',5,'arb');
insert into courses values('btb014','name_13','desc',5,'btb');
insert into courses values('ecb015','name_14','desc',5,'ecb');
insert into courses values('stb016','name_15','desc',5,'stb');
insert into courses values('hsb017','name_16','desc',2,'hsb');
insert into courses values('meb018','name_17','desc',4,'meb');
insert into courses values('phb019','name_18','desc',2,'phb');
insert into courses values('mab020','name_19','desc',3,'mab');
insert into courses values('cyb021','name_20','desc',4,'cyb');
insert into courses values('stb022','name_21','desc',2,'stb');
insert into courses values('hsb023','name_22','desc',2,'hsb');
insert into courses values('stb024','name_23','desc',2,'stb');
insert into courses values('mab025','name_24','desc',4,'mab');
insert into courses values('cyb026','name_25','desc',4,'cyb');
insert into courses values('hsb027','name_26','desc',5,'hsb');
insert into courses values('btb028','name_27','desc',5,'btb');
insert into courses values('cyb029','name_28','desc',5,'cyb');
insert into courses values('chb030','name_29','desc',2,'chb');
insert into courses values('hsb031','name_30','desc',5,'hsb');
insert into courses values('ceb032','name_31','desc',4,'ceb');
insert into courses values('cyb033','name_32','desc',5,'cyb');
insert into courses values('chb034','name_33','desc',5,'chb');
insert into courses values('meb035','name_34','desc',2,'meb');
insert into courses values('arb036','name_35','desc',2,'arb');
insert into courses values('ecb037','name_36','desc',2,'ecb');
insert into courses values('mtb038','name_37','desc',4,'mtb');
insert into courses values('phb039','name_38','desc',5,'phb');
insert into courses values('ceb040','name_39','desc',2,'ceb');
insert into courses values('mtb041','name_40','desc',5,'mtb');
insert into courses values('ceb042','name_41','desc',3,'ceb');
insert into courses values('meb043','name_42','desc',3,'meb');
insert into courses values('csb044','name_43','desc',4,'csb');
insert into courses values('idb045','name_44','desc',3,'idb');
insert into courses values('ecb046','name_45','desc',2,'ecb');
insert into courses values('stb047','name_46','desc',5,'stb');
insert into courses values('mab048','name_47','desc',3,'mab');
insert into courses values('ecb049','name_48','desc',4,'ecb');


insert into valid_entry values('mtb',2019,001);
insert into valid_entry values('mtb',2020,001);
insert into valid_entry values('mtb',2021,001);
insert into valid_entry values('mtb',2022,001);
insert into valid_entry values('mtb',2023,001);
insert into valid_entry values('mtb',2024,001);
insert into valid_entry values('csb',2019,001);
insert into valid_entry values('csb',2020,001);
insert into valid_entry values('csb',2021,001);
insert into valid_entry values('csb',2022,001);
insert into valid_entry values('csb',2023,001);
insert into valid_entry values('csb',2024,001);
insert into valid_entry values('chb',2019,001);
insert into valid_entry values('chb',2020,001);
insert into valid_entry values('chb',2021,001);
insert into valid_entry values('chb',2022,001);
insert into valid_entry values('chb',2023,001);
insert into valid_entry values('chb',2024,001);
insert into valid_entry values('eeb',2019,001);
insert into valid_entry values('eeb',2020,001);
insert into valid_entry values('eeb',2021,001);
insert into valid_entry values('eeb',2022,001);
insert into valid_entry values('eeb',2023,001);
insert into valid_entry values('eeb',2024,001);
insert into valid_entry values('meb',2019,001);
insert into valid_entry values('meb',2020,001);
insert into valid_entry values('meb',2021,001);
insert into valid_entry values('meb',2022,001);
insert into valid_entry values('meb',2023,001);
insert into valid_entry values('meb',2024,001);
insert into valid_entry values('ceb',2019,001);
insert into valid_entry values('ceb',2020,001);
insert into valid_entry values('ceb',2021,001);
insert into valid_entry values('ceb',2022,001);
insert into valid_entry values('ceb',2023,001);
insert into valid_entry values('ceb',2024,001);
insert into valid_entry values('phb',2019,001);
insert into valid_entry values('phb',2020,001);
insert into valid_entry values('phb',2021,001);
insert into valid_entry values('phb',2022,001);
insert into valid_entry values('phb',2023,001);
insert into valid_entry values('phb',2024,001);
insert into valid_entry values('hsb',2019,001);
insert into valid_entry values('hsb',2020,001);
insert into valid_entry values('hsb',2021,001);
insert into valid_entry values('hsb',2022,001);
insert into valid_entry values('hsb',2023,001);
insert into valid_entry values('hsb',2024,001);
insert into valid_entry values('mab',2019,001);
insert into valid_entry values('mab',2020,001);
insert into valid_entry values('mab',2021,001);
insert into valid_entry values('mab',2022,001);
insert into valid_entry values('mab',2023,001);
insert into valid_entry values('mab',2024,001);
insert into valid_entry values('ecb',2019,001);
insert into valid_entry values('ecb',2020,001);
insert into valid_entry values('ecb',2021,001);
insert into valid_entry values('ecb',2022,001);
insert into valid_entry values('ecb',2023,001);
insert into valid_entry values('ecb',2024,001);
insert into valid_entry values('btb',2019,001);
insert into valid_entry values('btb',2020,001);
insert into valid_entry values('btb',2021,001);
insert into valid_entry values('btb',2022,001);
insert into valid_entry values('btb',2023,001);
insert into valid_entry values('btb',2024,001);
insert into valid_entry values('stb',2019,001);
insert into valid_entry values('stb',2020,001);
insert into valid_entry values('stb',2021,001);
insert into valid_entry values('stb',2022,001);
insert into valid_entry values('stb',2023,001);
insert into valid_entry values('stb',2024,001);
insert into valid_entry values('hsb',2019,001);
insert into valid_entry values('hsb',2020,001);
insert into valid_entry values('hsb',2021,001);
insert into valid_entry values('hsb',2022,001);
insert into valid_entry values('hsb',2023,001);
insert into valid_entry values('hsb',2024,001);
insert into valid_entry values('idb',2019,001);
insert into valid_entry values('idb',2020,001);
insert into valid_entry values('idb',2021,001);
insert into valid_entry values('idb',2022,001);
insert into valid_entry values('idb',2023,001);
insert into valid_entry values('idb',2024,001);
insert into valid_entry values('arb',2019,001);
insert into valid_entry values('arb',2020,001);
insert into valid_entry values('arb',2021,001);
insert into valid_entry values('arb',2022,001);
insert into valid_entry values('arb',2023,001);
insert into valid_entry values('arb',2024,001);
insert into valid_entry values('cyb',2019,001);
insert into valid_entry values('cyb',2020,001);
insert into valid_entry values('cyb',2021,001);
insert into valid_entry values('cyb',2022,001);
insert into valid_entry values('cyb',2023,001);
insert into valid_entry values('cyb',2024,001);


insert into professor values('1','professor_1','surname','ofno','num',2023,2028,'mtb');
insert into professor values('2','professor_2','surname','ofno','num',2021,2024,'ecb');
insert into professor values('3','professor_3','surname','ofno','num',2024,2025,'idb');
insert into professor values('4','professor_4','surname','ofno','num',2023,2028,'csb');
insert into professor values('5','professor_5','surname','ofno','num',2020,2027,'ecb');
insert into professor values('6','professor_6','surname','ofno','num',2022,2024,'hsb');
insert into professor values('7','professor_7','surname','ofno','num',2020,2026,'hsb');
insert into professor values('8','professor_8','surname','ofno','num',2023,2027,'chb');
insert into professor values('9','professor_9','surname','ofno','num',2022,2027,'phb');
insert into professor values('10','professor_10','surname','ofno','num',2024,2029,'idb');
insert into professor values('11','professor_11','surname','ofno','num',2021,2023,'ecb');
insert into professor values('12','professor_12','surname','ofno','num',2019,2027,'hsb');
insert into professor values('13','professor_13','surname','ofno','num',2020,2022,'stb');
insert into professor values('14','professor_14','surname','ofno','num',2023,2027,'eeb');
insert into professor values('15','professor_15','surname','ofno','num',2021,2024,'arb');
insert into professor values('16','professor_16','surname','ofno','num',2022,2023,'cyb');
insert into professor values('17','professor_17','surname','ofno','num',2024,2027,'eeb');
insert into professor values('18','professor_18','surname','ofno','num',2022,2023,'ecb');
insert into professor values('19','professor_19','surname','ofno','num',2021,2024,'mab');
insert into professor values('20','professor_20','surname','ofno','num',2023,2029,'arb');
insert into professor values('21','professor_21','surname','ofno','num',2021,2026,'cyb');
insert into professor values('22','professor_22','surname','ofno','num',2020,2029,'eeb');
insert into professor values('23','professor_23','surname','ofno','num',2020,2022,'cyb');
insert into professor values('24','professor_24','surname','ofno','num',2021,2024,'stb');
insert into professor values('25','professor_25','surname','ofno','num',2021,2027,'btb');
insert into professor values('26','professor_26','surname','ofno','num',2021,2028,'idb');
insert into professor values('27','professor_27','surname','ofno','num',2021,2027,'phb');
insert into professor values('28','professor_28','surname','ofno','num',2023,2024,'cyb');
insert into professor values('29','professor_29','surname','ofno','num',2022,2023,'ceb');
insert into professor values('30','professor_30','surname','ofno','num',2024,2029,'ecb');
insert into professor values('31','professor_31','surname','ofno','num',2021,2027,'meb');
insert into professor values('32','professor_32','surname','ofno','num',2023,2025,'phb');
insert into professor values('33','professor_33','surname','ofno','num',2021,2026,'btb');
insert into professor values('34','professor_34','surname','ofno','num',2011,2029,'mab');
insert into professor values('35','professor_35','surname','ofno','num',2009,2023,'meb');
insert into professor values('36','professor_36','surname','ofno','num',2001,2026,'ecb');
insert into professor values('37','professor_37','surname','ofno','num',2005,2027,'mab');
insert into professor values('38','professor_38','surname','ofno','num',2005,2027,'stb');
insert into professor values('39','professor_39','surname','ofno','num',2004,2028,'stb');
insert into professor values('40','professor_40','surname','ofno','num',2002,2026,'meb');
insert into professor values('41','professor_41','surname','ofno','num',2009,2030,'hsb');
insert into professor values('42','professor_42','surname','ofno','num',2022,2024,'eeb');
insert into professor values('43','professor_43','surname','ofno','num',2022,2023,'mab');
insert into professor values('44','professor_44','surname','ofno','num',2022,2027,'mtb');
insert into professor values('45','professor_45','surname','ofno','num',2021,2024,'meb');
insert into professor values('46','professor_46','surname','ofno','num',2020,2026,'stb');
insert into professor values('47','professor_47','surname','ofno','num',2021,2027,'mtb');
insert into professor values('48','professor_48','surname','ofno','num',2021,2026,'cyb');
insert into professor values('49','professor_49','surname','ofno','num',2021,2026,'meb');
insert into professor values('50','professor_50','surname','ofno','num',2010,2032,'btb');

insert into course_offers values('mab025','2022-2023',2,'27',5,0);
insert into course_offers values('cyb021','2023-2024',1,'37',5,0);
insert into course_offers values('mtb002','2020-2021',2,'50',5,0);
insert into course_offers values('chb012','2021-2022',2,'31',5,0);
insert into course_offers values('csb011','2023-2024',2,'5',5,0);
-- insert into course_offers values('ecb037','2019-2020',1,'21',5,0);
-- insert into course_offers values('chb034','2019-2020',2,'42',5,0);
insert into course_offers values('idb045','2021-2022',2,'22',5,0);
insert into course_offers values('csb044','2021-2022',2,'11',5,0);
insert into course_offers values('cyb033','2023-2024',2,'31',5,0);
-- insert into course_offers values('phb019','2019-2020',2,'7',5,0);
insert into course_offers values('csb003','2022-2023',1,'44',5,0);
insert into course_offers values('chb007','2022-2023',1,'47',5,0);
-- insert into course_offers values('meb043','2022-2023',1,'41',5,0);
-- insert into course_offers values('chb034','2019-2020',1,'31',5,0);
-- insert into course_offers values('btb009','2021-2022',1,'44',5,0);
-- insert into course_offers values('chb007','2020-2021',2,'16',5,0);
-- insert into course_offers values('stb024','2021-2022',2,'10',5,0);
insert into course_offers values('meb018','2022-2023',1,'5',5,0);
insert into course_offers values('ceb032','2023-2024',1,'1',5,0);
-- insert into course_offers values('hsb031','2022-2023',1,'41',5,0);
-- insert into course_offers values('meb035','2022-2023',2,'3',5,0);
-- insert into course_offers values('mab025','2019-2020',2,'11',5,0);
insert into course_offers values('meb018','2020-2021',1,'46',5,0);
-- insert into course_offers values('csb011','2020-2021',2,'25',5,0);
-- insert into course_offers values('cyb005','2019-2020',1,'35',5,0);
insert into course_offers values('ceb040','2022-2023',2,'27',5,0);
-- insert into course_offers values('arb013','2023-2024',2,'13',5,0);
-- insert into course_offers values('mtb041','2020-2021',1,'32',5,0);
-- insert into course_offers values('csb011','2019-2020',2,'47',5,0);
-- insert into course_offers values('hsb010','2021-2022',2,'4',5,0);
-- insert into course_offers values('cyb021','2021-2022',1,'36',5,0);
insert into course_offers values('btb001','2022-2023',2,'34',5,0);
insert into course_offers values('arb036','2023-2024',2,'26',5,0);
-- insert into course_offers values('csb044','2019-2020',1,'41',5,0);
insert into course_offers values('ceb032','2022-2023',2,'2',5,0);
-- insert into course_offers values('chb012','2019-2020',1,'44',5,0);
insert into course_offers values('mtb041','2023-2024',1,'5',5,0);
-- insert into course_offers values('hsb031','2021-2022',2,'17',5,0);
-- insert into course_offers values('btb009','2022-2023',1,'28',5,0);
insert into course_offers values('mtb038','2023-2024',1,'27',5,0);
insert into course_offers values('chb012','2021-2022',1,'25',5,0);
insert into course_offers values('chb030','2023-2024',2,'25',5,0);
-- insert into course_offers values('arb013','2021-2022',1,'36',5,0);
insert into course_offers values('ecb049','2023-2024',1,'33',5,0);
-- insert into course_offers values('arb036','2019-2020',1,'33',5,0);
-- insert into course_offers values('arb036','2019-2020',1,'36',5,0);
-- insert into course_offers values('cyb026','2021-2022',1,'29',5,0);
-- insert into course_offers values('btb001','2020-2021',2,'4',5,0);
-- insert into course_offers values('cyb021','2023-2024',1,'2',5,0);

insert into course_offers values('chb034','2020-2021',2,'50',5,0);
-- insert into course_offers values('cyb021','2023-2024',1,'50',5,0);
insert into course_offers values('ceb040','2021-2022',1,'50',5,0);
insert into course_offers values('arb013','2021-2022',1,'50',5,0);
-- insert into course_offers values('btb001','2022-2023',2,'50',5,0);
insert into course_offers values('arb036','2019-2020',1,'50',5,0);
insert into course_offers values('meb043','2020-2021',1,'50',5,0);
insert into course_offers values('hsb017','2020-2021',2,'50',5,0);
-- insert into course_offers values('ceb040','2020-2021',2,'50',5,0);
-- insert into course_offers values('cyb021','2023-2024',1,'50',5,0);
-- insert into course_offers values('cyb021','2023-2024',1,'50',5,0);
-- insert into course_offers values('chb007','2020-2021',1,'50',5,0);
insert into course_offers values('chb007','2020-2021',1,'34',5,0);
insert into course_offers values('cyb026','2019-2020',2,'50',4,0);
insert into course_offers values('btb028','2022-2023',1,'50',5,0);
insert into course_offers values('stb016','2022-2023',1,'50',5,0);
insert into course_offers values('ceb042','2023-2024',2,'50',5,0);
insert into course_offers values('cyb021','2021-2022',2,'50',5,0);
insert into course_offers values('hsb010','2022-2023',2,'50',5,0);
insert into course_offers values('btb014','2021-2022',2,'50',5,0);
insert into course_offers values('btb009','2020-2021',1,'34',5,0);
insert into course_offers values('hsb017','2023-2024',2,'50',5,0);
insert into course_offers values('ceb040','2021-2022',2,'35',5,0);
insert into course_offers values('meb035','2020-2021',1,'36',5,0);
insert into course_offers values('ecb046','2019-2020',2,'50',5,0);
insert into course_offers values('cyb026','2021-2022',2,'37',4,0);
insert into course_offers values('mab025','2019-2020',2,'50',5,0);
insert into course_offers values('cyb033','2023-2024',1,'50',5,0);
-- insert into course_offers values('idb045','2020-2021',2,'50',5,0);
-- insert into course_offers values('phb039','2020-2021',1,'50',5,0);
insert into course_offers values('phb039','2022-2023',1,'50',5,0);
insert into course_offers values('ecb015','2019-2020',2,'40',5,0);
insert into course_offers values('btb009','2023-2024',1,'50',5,0);
-- insert into course_offers values('ecb037','2020-2021',2,'50',5,0);
-- insert into course_offers values('ceb032','2019-2020',2,'50',5,0);
-- insert into course_offers values('arb013','2021-2022',1,'50',5,0);
insert into course_offers values('meb035','2022-2023',2,'38',5,0);
insert into course_offers values('csb011','2022-2023',1,'37',5,0);
-- insert into course_offers values('btb028','2022-2023',1,'50',5,0);
-- insert into course_offers values('hsb031','2020-2021',2,'50',5,0);
-- insert into course_offers values('cyb005','2020-2021',1,'50',5,0);
-- insert into course_offers values('hsb023','2020-2021',2,'50',5,0);
-- insert into course_offers values('hsb023','2019-2020',2,'50',5,0);
insert into course_offers values('chb034','2019-2020',1,'34',5,0);
-- insert into course_offers values('btb014','2022-2023',1,'50',5,0);
-- insert into course_offers values('arb036','2022-2023',1,'50',5,0);
-- insert into course_offers values('mtb038','2020-2021',1,'50',5,0);
-- insert into course_offers values('chb030','2022-2023',1,'50',5,0);
insert into course_offers values('chb030','2021-2022',2,'12',5,0);
-- insert into course_offers values('ecb049','2020-2021',1,'50',5,0);
-- insert into course_offers values('hsb027','2022-2023',1,'50',5,0);

insert into student values('john',NULL,'2020mtb001',NULL,'1234567890','2020mtb001@mtb.iitd.ac.in',0,'mtb');
insert into student values('ekansh','singh','2020eeb001','gb','1234567891','2020eeb001@eeb.iitd.ac.in',0,'eeb');
insert into student values('tanish','st','2020eeb002','gb','1234567892','2020eeb002@eeb.iitd.ac.in',0,'eeb');
update student set first_name='nisha', last_name='saha' where first_name='tanish';
-- select * from valid_entry;
insert into student values('wadhwa','himanshu','2022eeb001','gb','1234567895','2022eeb001@eeb.iitd.ac.in',0,'eeb');
insert into student values('tanish','st','2022btb001','gb','1234567893','2022btb001@btb.iitd.ac.in',0,'btb');
insert into student_courses values('2022btb001','btb009','2023-2024',1,10);
insert into student_courses values('2022btb001','chb030','2021-2022',2,9);
insert into student_courses values('2022btb001','cyb026','2021-2022',2,8);
insert into student_courses values('2022btb001','ceb040','2021-2022',2,8);
update student set dept_id='eeb' where first_name='tanish';

select * from course_eval;
insert into student_courses values('2020eeb001','chb030','2021-2022',2,8);
insert into student_courses values('2020eeb001','ceb040','2021-2022',2,9);
insert into student_courses values('2020eeb001','cyb026','2021-2022',2,8);

-- select * from course_eval;
-- select * from student;
-- select * from student_semester_summary;
-- select * from student_courses;
delete from student_courses where course_id='btb009' and session='2023-2024' and semester=1;
-- select * from student_courses;
-- select * from course_eval;
-- select * from student;
-- select * from student_courses;
-- select * from course_offers;
-- insert into student_courses values('2020eeb002','meb043', '2020-2021', 1, 9);
-- insert into student_courses values('2020eeb002','chb007', '2020-2021', 1, 9);
-- select * from student_courses;
-- select * from student;
select * from student_semester_summary;

-- delete from course_offers
-- where substring(course_id from 1 for 3)='btb';

-- update department
-- set dept_id='eee'
-- where dept_id='eeb';

-- delete from department
-- where dept_id='btb';
-- delete from department
-- where dept_id='eee';
INSERT INTO department (dept_id, dept_name)
VALUES ('CSZ', 'Computer Science1');
INSERT INTO department (dept_id, dept_name)
VALUES ('CSY', 'Computer Science2');

INSERT INTO valid_entry (entry_year, dept_id, seq_number)
VALUES (2022, 'CSZ', 1);
INSERT INTO valid_entry (entry_year, dept_id, seq_number)
VALUES (2022, 'CSY', 1);

INSERT INTO professor (professor_id, professor_first_name, professor_last_name, office_number, contact_number, start_year, resign_year, dept_id)
VALUES ('prof1', 'professor1', 'last1', 'office1', '1234567890', 2020, 2025, 'CSZ');
INSERT INTO professor (professor_id, professor_first_name, professor_last_name, office_number, contact_number, start_year, resign_year, dept_id)
VALUES ('prof2', 'professor2', 'last2', 'office2', '1234567891', 2020, 2025, 'CSY');

INSERT INTO courses (course_id, course_name, course_desc, credits, dept_id)
VALUES ('CSZ001', 'course1', 'desc1', 4, 'CSZ');
INSERT INTO courses (course_id, course_name, course_desc, credits, dept_id)
VALUES ('CSY001', 'course2', 'desc2', 4, 'CSY');

INSERT INTO course_offers (course_id, session, semester, professor_id, capacity, enrollments)
VALUES ('CSZ001', '2022', 1, 'prof1', 100, 0);
INSERT INTO course_offers (course_id, session, semester, professor_id, capacity, enrollments)
VALUES ('CSY001', '2022', 1, 'prof2', 100, 0);

INSERT INTO student (first_name, student_id, contact_number, email_id, tot_credits, dept_id)
VALUES('xxx', '2022CSZ001', 'XXXXXXXX90', '2022CSZ001@CSZ.iitd.ac.in', 4, 'CSZ');

INSERT INTO student_courses (student_id, course_id, session, semester, grade)
VALUES('2022CSZ001', 'CSZ001', '2022', 1, 9);

UPDATE student SET dept_id = 'CSY' WHERE student_id = '2022CSZ001';